Ticker,Name,Series Type,Currency,Country,Sector,Industry,Sic,Exchange,Cik,Fiscal_End,Units,Scale,Flow,Adjustment,Periodicity,Metadata,Corporate_History,Data Notes
CMBEBWHT,Brugges Wheat Price,Commodity Prices,Belgium Franc (Euro from 01/01/1999),Belgium,,,,,,,National Currency,Units,Stock,none,Quarterly From Nov 1348 To May 1801<BR>,,,Currency converted to USD using Belgium Franc per US Dollar (USDBEF)
Date,Ticker,Open,High,Low,Close,Volume,Openint
11/11/1348,CMBEBWHT,,,,37,,
02/02/1349,CMBEBWHT,,,,31,,
05/15/1349,CMBEBWHT,,,,32,,
11/11/1349,CMBEBWHT,,,,36,,
11/11/1350,CMBEBWHT,,,,33,,
02/02/1351,CMBEBWHT,,,,33,,
05/15/1351,CMBEBWHT,,,,31,,
11/11/1351,CMBEBWHT,,,,50,,
02/02/1352,CMBEBWHT,,,,52,,
05/15/1352,CMBEBWHT,,,,52,,
11/11/1352,CMBEBWHT,,,,37,,
02/02/1353,CMBEBWHT,,,,29,,
05/15/1353,CMBEBWHT,,,,23,,
11/11/1353,CMBEBWHT,,,,27,,
02/02/1354,CMBEBWHT,,,,24,,
05/15/1354,CMBEBWHT,,,,24,,
11/11/1354,CMBEBWHT,,,,32,,
02/02/1355,CMBEBWHT,,,,28,,
05/15/1355,CMBEBWHT,,,,30,,
11/11/1355,CMBEBWHT,,,,44,,
02/02/1356,CMBEBWHT,,,,34,,
05/15/1356,CMBEBWHT,,,,44,,
11/11/1356,CMBEBWHT,,,,47,,
02/02/1357,CMBEBWHT,,,,40,,
05/15/1357,CMBEBWHT,,,,43,,
11/11/1357,CMBEBWHT,,,,63,,
02/02/1358,CMBEBWHT,,,,60,,
05/15/1358,CMBEBWHT,,,,57,,
11/11/1358,CMBEBWHT,,,,44,,
02/02/1359,CMBEBWHT,,,,46,,
05/15/1359,CMBEBWHT,,,,49,,
11/11/1359,CMBEBWHT,,,,58,,
02/02/1360,CMBEBWHT,,,,58,,
05/15/1360,CMBEBWHT,,,,64,,
11/11/1360,CMBEBWHT,,,,74,,
02/02/1361,CMBEBWHT,,,,80,,
05/15/1361,CMBEBWHT,,,,78,,
11/11/1361,CMBEBWHT,,,,38,,
02/02/1362,CMBEBWHT,,,,30,,
05/15/1362,CMBEBWHT,,,,24,,
11/11/1362,CMBEBWHT,,,,42,,
02/02/1363,CMBEBWHT,,,,38,,
05/15/1363,CMBEBWHT,,,,44,,
11/11/1363,CMBEBWHT,,,,64,,
02/02/1364,CMBEBWHT,,,,66,,
05/15/1364,CMBEBWHT,,,,66,,
11/11/1364,CMBEBWHT,,,,58,,
02/02/1365,CMBEBWHT,,,,59,,
05/15/1365,CMBEBWHT,,,,50,,
11/11/1365,CMBEBWHT,,,,55,,
02/02/1366,CMBEBWHT,,,,58,,
05/15/1366,CMBEBWHT,,,,62,,
11/11/1366,CMBEBWHT,,,,64,,
02/02/1367,CMBEBWHT,,,,58,,
05/15/1367,CMBEBWHT,,,,66,,
11/11/1367,CMBEBWHT,,,,74,,
02/02/1368,CMBEBWHT,,,,68,,
05/15/1368,CMBEBWHT,,,,72,,
11/11/1368,CMBEBWHT,,,,54,,
02/02/1369,CMBEBWHT,,,,50,,
05/15/1369,CMBEBWHT,,,,52,,
11/11/1369,CMBEBWHT,,,,80,,
05/15/1370,CMBEBWHT,,,,90,,
11/11/1370,CMBEBWHT,,,,78,,
02/02/1371,CMBEBWHT,,,,78,,
05/15/1371,CMBEBWHT,,,,60,,
11/11/1371,CMBEBWHT,,,,54,,
02/02/1372,CMBEBWHT,,,,53,,
05/15/1372,CMBEBWHT,,,,56,,
11/11/1372,CMBEBWHT,,,,60,,
02/02/1373,CMBEBWHT,,,,54,,
05/15/1373,CMBEBWHT,,,,48,,
11/11/1373,CMBEBWHT,,,,52,,
02/02/1374,CMBEBWHT,,,,50,,
05/15/1374,CMBEBWHT,,,,50,,
11/11/1374,CMBEBWHT,,,,70,,
02/02/1375,CMBEBWHT,,,,76,,
05/15/1375,CMBEBWHT,,,,70,,
11/11/1375,CMBEBWHT,,,,56,,
02/02/1376,CMBEBWHT,,,,50,,
05/15/1376,CMBEBWHT,,,,50,,
11/11/1376,CMBEBWHT,,,,56,,
02/02/1377,CMBEBWHT,,,,50,,
05/15/1377,CMBEBWHT,,,,48,,
11/11/1377,CMBEBWHT,,,,58,,
02/02/1378,CMBEBWHT,,,,56,,
05/15/1378,CMBEBWHT,,,,52,,
11/11/1378,CMBEBWHT,,,,52,,
02/02/1379,CMBEBWHT,,,,46,,
05/15/1379,CMBEBWHT,,,,42,,
11/11/1379,CMBEBWHT,,,,56,,
02/02/1380,CMBEBWHT,,,,48,,
05/15/1380,CMBEBWHT,,,,48,,
11/11/1380,CMBEBWHT,,,,54,,
02/02/1381,CMBEBWHT,,,,48,,
05/15/1381,CMBEBWHT,,,,51,,
11/11/1381,CMBEBWHT,,,,60,,
02/02/1382,CMBEBWHT,,,,68,,
05/15/1382,CMBEBWHT,,,,72,,
11/11/1382,CMBEBWHT,,,,76,,
02/02/1383,CMBEBWHT,,,,60,,
05/15/1383,CMBEBWHT,,,,60,,
11/11/1383,CMBEBWHT,,,,56,,
02/02/1384,CMBEBWHT,,,,52,,
05/15/1384,CMBEBWHT,,,,46,,
11/11/1384,CMBEBWHT,,,,48,,
02/02/1385,CMBEBWHT,,,,52,,
05/15/1385,CMBEBWHT,,,,60,,
11/11/1385,CMBEBWHT,,,,64,,
02/02/1386,CMBEBWHT,,,,64,,
05/15/1386,CMBEBWHT,,,,60,,
11/11/1386,CMBEBWHT,,,,66,,
02/02/1387,CMBEBWHT,,,,66,,
05/15/1387,CMBEBWHT,,,,60,,
11/11/1387,CMBEBWHT,,,,48,,
02/02/1388,CMBEBWHT,,,,50,,
05/15/1388,CMBEBWHT,,,,48,,
11/11/1388,CMBEBWHT,,,,60,,
02/02/1389,CMBEBWHT,,,,60,,
05/15/1389,CMBEBWHT,,,,54,,
11/11/1389,CMBEBWHT,,,,66,,
02/02/1390,CMBEBWHT,,,,72,,
05/15/1390,CMBEBWHT,,,,72,,
11/11/1390,CMBEBWHT,,,,50,,
02/02/1391,CMBEBWHT,,,,52,,
05/15/1391,CMBEBWHT,,,,52,,
11/11/1391,CMBEBWHT,,,,46,,
02/02/1392,CMBEBWHT,,,,40,,
11/11/1392,CMBEBWHT,,,,30,,
02/02/1393,CMBEBWHT,,,,28,,
05/15/1393,CMBEBWHT,,,,22,,
11/11/1393,CMBEBWHT,,,,42,,
02/02/1394,CMBEBWHT,,,,38,,
05/15/1394,CMBEBWHT,,,,34,,
11/11/1394,CMBEBWHT,,,,34,,
02/02/1395,CMBEBWHT,,,,29,,
11/11/1395,CMBEBWHT,,,,44,,
02/02/1396,CMBEBWHT,,,,46,,
05/15/1396,CMBEBWHT,,,,44,,
11/11/1396,CMBEBWHT,,,,48,,
02/02/1397,CMBEBWHT,,,,54,,
02/02/1398,CMBEBWHT,,,,36,,
05/15/1398,CMBEBWHT,,,,34,,
11/11/1398,CMBEBWHT,,,,34,,
02/02/1399,CMBEBWHT,,,,32,,
05/15/1399,CMBEBWHT,,,,36,,
11/11/1399,CMBEBWHT,,,,48,,
02/02/1400,CMBEBWHT,,,,48,,
05/15/1400,CMBEBWHT,,,,48,,
11/11/1400,CMBEBWHT,,,,46,,
02/02/1401,CMBEBWHT,,,,46,,
05/15/1401,CMBEBWHT,,,,50,,
11/11/1401,CMBEBWHT,,,,64,,
02/02/1402,CMBEBWHT,,,,58,,
05/15/1402,CMBEBWHT,,,,64,,
11/11/1402,CMBEBWHT,,,,66,,
02/02/1403,CMBEBWHT,,,,66,,
05/15/1403,CMBEBWHT,,,,62,,
11/11/1403,CMBEBWHT,,,,36,,
02/02/1404,CMBEBWHT,,,,34,,
05/15/1404,CMBEBWHT,,,,34,,
11/11/1404,CMBEBWHT,,,,40,,
02/02/1405,CMBEBWHT,,,,42,,
05/15/1405,CMBEBWHT,,,,42,,
11/11/1405,CMBEBWHT,,,,40,,
02/02/1406,CMBEBWHT,,,,38,,
05/15/1406,CMBEBWHT,,,,34,,
11/11/1406,CMBEBWHT,,,,50,,
02/02/1407,CMBEBWHT,,,,50,,
05/15/1407,CMBEBWHT,,,,48,,
11/11/1407,CMBEBWHT,,,,60,,
02/02/1408,CMBEBWHT,,,,56,,
05/15/1408,CMBEBWHT,,,,62,,
11/11/1408,CMBEBWHT,,,,76,,
02/02/1409,CMBEBWHT,,,,80,,
05/15/1409,CMBEBWHT,,,,88,,
11/11/1409,CMBEBWHT,,,,72,,
02/02/1410,CMBEBWHT,,,,72,,
05/15/1410,CMBEBWHT,,,,68,,
11/11/1410,CMBEBWHT,,,,44,,
02/02/1411,CMBEBWHT,,,,42,,
05/15/1411,CMBEBWHT,,,,36,,
11/11/1411,CMBEBWHT,,,,46,,
02/02/1412,CMBEBWHT,,,,42,,
05/15/1412,CMBEBWHT,,,,40,,
11/11/1412,CMBEBWHT,,,,48,,
02/02/1413,CMBEBWHT,,,,48,,
05/15/1413,CMBEBWHT,,,,48,,
11/11/1413,CMBEBWHT,,,,46,,
02/02/1414,CMBEBWHT,,,,48,,
05/15/1414,CMBEBWHT,,,,46,,
11/11/1414,CMBEBWHT,,,,40,,
05/15/1415,CMBEBWHT,,,,42,,
11/11/1415,CMBEBWHT,,,,64,,
02/02/1416,CMBEBWHT,,,,72,,
05/15/1416,CMBEBWHT,,,,90,,
11/11/1416,CMBEBWHT,,,,102,,
02/02/1417,CMBEBWHT,,,,108,,
05/15/1417,CMBEBWHT,,,,72,,
11/11/1417,CMBEBWHT,,,,44,,
02/02/1418,CMBEBWHT,,,,39,,
05/15/1418,CMBEBWHT,,,,32,,
11/11/1418,CMBEBWHT,,,,35,,
02/02/1419,CMBEBWHT,,,,36,,
05/15/1419,CMBEBWHT,,,,34,,
11/11/1419,CMBEBWHT,,,,34,,
02/02/1420,CMBEBWHT,,,,32,,
05/15/1420,CMBEBWHT,,,,28,,
11/11/1420,CMBEBWHT,,,,44,,
02/02/1421,CMBEBWHT,,,,46,,
05/15/1421,CMBEBWHT,,,,58,,
11/11/1421,CMBEBWHT,,,,66,,
02/02/1422,CMBEBWHT,,,,66,,
05/15/1422,CMBEBWHT,,,,54,,
11/11/1422,CMBEBWHT,,,,50,,
02/02/1423,CMBEBWHT,,,,46,,
05/15/1423,CMBEBWHT,,,,46,,
11/11/1423,CMBEBWHT,,,,66,,
05/15/1424,CMBEBWHT,,,,56,,
11/11/1424,CMBEBWHT,,,,64,,
02/02/1425,CMBEBWHT,,,,64,,
05/15/1425,CMBEBWHT,,,,58,,
11/11/1425,CMBEBWHT,,,,56,,
02/02/1426,CMBEBWHT,,,,52,,
11/11/1426,CMBEBWHT,,,,54,,
02/02/1427,CMBEBWHT,,,,56,,
05/15/1427,CMBEBWHT,,,,66,,
11/11/1427,CMBEBWHT,,,,60,,
02/02/1428,CMBEBWHT,,,,48,,
05/15/1428,CMBEBWHT,,,,44,,
11/11/1428,CMBEBWHT,,,,58,,
02/02/1429,CMBEBWHT,,,,50,,
05/15/1429,CMBEBWHT,,,,60,,
11/11/1429,CMBEBWHT,,,,60,,
02/02/1430,CMBEBWHT,,,,56,,
11/11/1430,CMBEBWHT,,,,64,,
02/02/1431,CMBEBWHT,,,,80,,
05/15/1431,CMBEBWHT,,,,84,,
11/11/1431,CMBEBWHT,,,,56,,
02/02/1432,CMBEBWHT,,,,54,,
05/15/1432,CMBEBWHT,,,,62,,
11/11/1432,CMBEBWHT,,,,80,,
02/02/1433,CMBEBWHT,,,,102,,
05/15/1433,CMBEBWHT,,,,90,,
11/11/1433,CMBEBWHT,,,,65,,
02/02/1434,CMBEBWHT,,,,56,,
05/15/1434,CMBEBWHT,,,,46,,
11/11/1434,CMBEBWHT,,,,48,,
02/02/1435,CMBEBWHT,,,,44,,
05/15/1435,CMBEBWHT,,,,42,,
11/11/1435,CMBEBWHT,,,,42,,
02/02/1436,CMBEBWHT,,,,44,,
05/15/1436,CMBEBWHT,,,,42,,
11/11/1436,CMBEBWHT,,,,46,,
02/02/1437,CMBEBWHT,,,,52,,
05/15/1437,CMBEBWHT,,,,74,,
11/11/1437,CMBEBWHT,,,,120,,
02/02/1438,CMBEBWHT,,,,120,,
05/15/1438,CMBEBWHT,,,,120,,
11/11/1438,CMBEBWHT,,,,168,,
02/02/1439,CMBEBWHT,,,,144,,
05/15/1439,CMBEBWHT,,,,108,,
11/11/1439,CMBEBWHT,,,,72,,
02/02/1440,CMBEBWHT,,,,68,,
05/15/1440,CMBEBWHT,,,,68,,
11/11/1440,CMBEBWHT,,,,68,,
02/02/1441,CMBEBWHT,,,,58,,
05/15/1441,CMBEBWHT,,,,58,,
11/11/1441,CMBEBWHT,,,,62,,
02/02/1442,CMBEBWHT,,,,62,,
05/15/1442,CMBEBWHT,,,,62,,
11/11/1442,CMBEBWHT,,,,60,,
02/02/1443,CMBEBWHT,,,,62,,
05/15/1443,CMBEBWHT,,,,84,,
11/11/1443,CMBEBWHT,,,,50,,
02/02/1444,CMBEBWHT,,,,52,,
05/15/1444,CMBEBWHT,,,,42,,
11/11/1444,CMBEBWHT,,,,48,,
02/02/1445,CMBEBWHT,,,,44,,
05/15/1445,CMBEBWHT,,,,44,,
11/11/1445,CMBEBWHT,,,,46,,
02/02/1446,CMBEBWHT,,,,54,,
05/15/1446,CMBEBWHT,,,,49,,
11/11/1446,CMBEBWHT,,,,72,,
02/02/1447,CMBEBWHT,,,,66,,
05/15/1447,CMBEBWHT,,,,64,,
11/11/1447,CMBEBWHT,,,,48,,
02/02/1448,CMBEBWHT,,,,48,,
05/15/1448,CMBEBWHT,,,,42,,
11/11/1448,CMBEBWHT,,,,36,,
02/02/1449,CMBEBWHT,,,,36,,
05/15/1449,CMBEBWHT,,,,38,,
11/11/1449,CMBEBWHT,,,,48,,
02/02/1450,CMBEBWHT,,,,52,,
05/15/1450,CMBEBWHT,,,,48,,
11/11/1450,CMBEBWHT,,,,40,,
02/02/1451,CMBEBWHT,,,,46,,
05/15/1451,CMBEBWHT,,,,42,,
11/11/1451,CMBEBWHT,,,,42,,
02/02/1452,CMBEBWHT,,,,42,,
05/15/1452,CMBEBWHT,,,,44,,
11/11/1452,CMBEBWHT,,,,48,,
02/02/1453,CMBEBWHT,,,,48,,
05/15/1453,CMBEBWHT,,,,48,,
11/11/1453,CMBEBWHT,,,,46,,
02/02/1454,CMBEBWHT,,,,43,,
05/15/1454,CMBEBWHT,,,,42,,
11/11/1454,CMBEBWHT,,,,46,,
02/02/1455,CMBEBWHT,,,,48,,
05/15/1455,CMBEBWHT,,,,44,,
11/11/1455,CMBEBWHT,,,,84,,
02/02/1456,CMBEBWHT,,,,78,,
05/15/1456,CMBEBWHT,,,,82,,
11/11/1456,CMBEBWHT,,,,82,,
02/02/1457,CMBEBWHT,,,,82,,
05/15/1457,CMBEBWHT,,,,76,,
11/11/1457,CMBEBWHT,,,,80,,
02/02/1458,CMBEBWHT,,,,80,,
11/11/1458,CMBEBWHT,,,,48,,
05/15/1459,CMBEBWHT,,,,48,,
11/11/1459,CMBEBWHT,,,,60,,
02/02/1460,CMBEBWHT,,,,66,,
05/15/1460,CMBEBWHT,,,,86,,
11/11/1460,CMBEBWHT,,,,62,,
02/02/1461,CMBEBWHT,,,,62,,
05/15/1461,CMBEBWHT,,,,54,,
11/11/1461,CMBEBWHT,,,,48,,
02/02/1462,CMBEBWHT,,,,48,,
05/15/1462,CMBEBWHT,,,,44,,
11/11/1462,CMBEBWHT,,,,36,,
02/02/1463,CMBEBWHT,,,,34,,
05/15/1463,CMBEBWHT,,,,34,,
11/11/1463,CMBEBWHT,,,,30,,
02/02/1464,CMBEBWHT,,,,28,,
05/15/1464,CMBEBWHT,,,,23,,
11/11/1464,CMBEBWHT,,,,29,,
02/02/1465,CMBEBWHT,,,,32,,
05/15/1465,CMBEBWHT,,,,32,,
11/11/1465,CMBEBWHT,,,,42,,
02/02/1466,CMBEBWHT,,,,46,,
05/15/1466,CMBEBWHT,,,,42,,
11/11/1466,CMBEBWHT,,,,44,,
02/02/1467,CMBEBWHT,,,,48,,
05/15/1467,CMBEBWHT,,,,50,,
11/11/1467,CMBEBWHT,,,,50,,
02/02/1468,CMBEBWHT,,,,48,,
11/11/1468,CMBEBWHT,,,,54,,
02/02/1469,CMBEBWHT,,,,53,,
05/15/1469,CMBEBWHT,,,,46,,
11/11/1469,CMBEBWHT,,,,48,,
02/02/1470,CMBEBWHT,,,,45,,
11/11/1470,CMBEBWHT,,,,44,,
02/02/1471,CMBEBWHT,,,,52,,
05/15/1471,CMBEBWHT,,,,44,,
11/11/1471,CMBEBWHT,,,,42,,
02/02/1472,CMBEBWHT,,,,42,,
05/15/1472,CMBEBWHT,,,,42,,
05/15/1473,CMBEBWHT,,,,40,,
11/11/1473,CMBEBWHT,,,,54,,
02/02/1474,CMBEBWHT,,,,52,,
05/15/1474,CMBEBWHT,,,,50,,
11/11/1474,CMBEBWHT,,,,54,,
02/02/1475,CMBEBWHT,,,,60,,
05/15/1475,CMBEBWHT,,,,54,,
11/11/1475,CMBEBWHT,,,,48,,
02/02/1476,CMBEBWHT,,,,46,,
05/15/1476,CMBEBWHT,,,,48,,
11/11/1476,CMBEBWHT,,,,42,,
02/02/1477,CMBEBWHT,,,,48,,
05/15/1477,CMBEBWHT,,,,50,,
11/11/1477,CMBEBWHT,,,,90,,
02/02/1478,CMBEBWHT,,,,80,,
05/15/1478,CMBEBWHT,,,,74,,
11/11/1478,CMBEBWHT,,,,78,,
02/02/1480,CMBEBWHT,,,,72,,
05/15/1480,CMBEBWHT,,,,72,,
11/11/1480,CMBEBWHT,,,,72,,
02/02/1481,CMBEBWHT,,,,72,,
05/15/1481,CMBEBWHT,,,,108,,
11/11/1481,CMBEBWHT,,,,144,,
02/02/1482,CMBEBWHT,,,,144,,
05/15/1482,CMBEBWHT,,,,132,,
11/11/1482,CMBEBWHT,,,,180,,
02/02/1483,CMBEBWHT,,,,144,,
05/15/1483,CMBEBWHT,,,,144,,
11/11/1483,CMBEBWHT,,,,66,,
02/02/1484,CMBEBWHT,,,,60,,
05/15/1484,CMBEBWHT,,,,52,,
11/11/1484,CMBEBWHT,,,,54,,
02/02/1485,CMBEBWHT,,,,48,,
05/15/1485,CMBEBWHT,,,,48,,
11/11/1485,CMBEBWHT,,,,72,,
02/02/1486,CMBEBWHT,,,,72,,
05/15/1486,CMBEBWHT,,,,72,,
11/11/1486,CMBEBWHT,,,,80,,
02/02/1487,CMBEBWHT,,,,96,,
05/15/1487,CMBEBWHT,,,,96,,
11/11/1487,CMBEBWHT,,,,84,,
02/02/1488,CMBEBWHT,,,,90,,
05/15/1488,CMBEBWHT,,,,96,,
11/11/1488,CMBEBWHT,,,,84,,
02/02/1489,CMBEBWHT,,,,96,,
05/15/1489,CMBEBWHT,,,,84,,
11/11/1489,CMBEBWHT,,,,108,,
02/02/1490,CMBEBWHT,,,,96,,
05/15/1490,CMBEBWHT,,,,108,,
11/11/1490,CMBEBWHT,,,,288,,
02/02/1491,CMBEBWHT,,,,72,,
05/15/1491,CMBEBWHT,,,,120,,
11/11/1491,CMBEBWHT,,,,96,,
02/02/1492,CMBEBWHT,,,,90,,
05/15/1492,CMBEBWHT,,,,122,,
11/11/1492,CMBEBWHT,,,,100,,
02/02/1493,CMBEBWHT,,,,72,,
05/15/1493,CMBEBWHT,,,,66,,
11/11/1493,CMBEBWHT,,,,54,,
02/02/1494,CMBEBWHT,,,,48,,
05/15/1494,CMBEBWHT,,,,42,,
11/11/1494,CMBEBWHT,,,,50,,
02/02/1495,CMBEBWHT,,,,38,,
05/15/1495,CMBEBWHT,,,,35,,
11/11/1495,CMBEBWHT,,,,32,,
02/02/1496,CMBEBWHT,,,,30,,
05/15/1496,CMBEBWHT,,,,40,,
11/11/1496,CMBEBWHT,,,,31,,
02/02/1497,CMBEBWHT,,,,36,,
05/15/1497,CMBEBWHT,,,,40,,
11/11/1497,CMBEBWHT,,,,43,,
02/02/1498,CMBEBWHT,,,,48,,
05/15/1498,CMBEBWHT,,,,44,,
11/11/1498,CMBEBWHT,,,,42,,
02/02/1499,CMBEBWHT,,,,48,,
05/15/1499,CMBEBWHT,,,,48,,
11/11/1499,CMBEBWHT,,,,36,,
02/02/1500,CMBEBWHT,,,,30,,
05/15/1500,CMBEBWHT,,,,27,,
11/11/1500,CMBEBWHT,,,,44,,
02/02/1501,CMBEBWHT,,,,42,,
05/15/1501,CMBEBWHT,,,,48,,
11/11/1501,CMBEBWHT,,,,68,,
02/02/1502,CMBEBWHT,,,,66,,
11/11/1502,CMBEBWHT,,,,80,,
02/02/1503,CMBEBWHT,,,,72,,
05/15/1503,CMBEBWHT,,,,76,,
11/11/1503,CMBEBWHT,,,,60,,
02/02/1504,CMBEBWHT,,,,54,,
05/15/1504,CMBEBWHT,,,,54,,
11/11/1504,CMBEBWHT,,,,54,,
02/02/1505,CMBEBWHT,,,,52,,
05/15/1505,CMBEBWHT,,,,50,,
11/11/1505,CMBEBWHT,,,,60,,
02/02/1506,CMBEBWHT,,,,66,,
05/15/1506,CMBEBWHT,,,,66,,
11/11/1506,CMBEBWHT,,,,80,,
02/02/1507,CMBEBWHT,,,,72,,
05/15/1507,CMBEBWHT,,,,66,,
11/11/1507,CMBEBWHT,,,,72,,
02/02/1508,CMBEBWHT,,,,66,,
05/15/1508,CMBEBWHT,,,,66,,
11/11/1508,CMBEBWHT,,,,56,,
02/02/1509,CMBEBWHT,,,,54,,
05/15/1509,CMBEBWHT,,,,46,,
11/11/1509,CMBEBWHT,,,,44,,
02/02/1510,CMBEBWHT,,,,42,,
05/15/1510,CMBEBWHT,,,,36,,
11/11/1510,CMBEBWHT,,,,52,,
02/02/1511,CMBEBWHT,,,,44,,
05/15/1511,CMBEBWHT,,,,44,,
11/11/1511,CMBEBWHT,,,,52,,
02/02/1512,CMBEBWHT,,,,60,,
05/15/1512,CMBEBWHT,,,,60,,
11/11/1512,CMBEBWHT,,,,66,,
02/02/1513,CMBEBWHT,,,,68,,
05/15/1513,CMBEBWHT,,,,64,,
11/11/1513,CMBEBWHT,,,,72,,
02/02/1514,CMBEBWHT,,,,72,,
05/15/1514,CMBEBWHT,,,,72,,
11/11/1514,CMBEBWHT,,,,60,,
02/02/1515,CMBEBWHT,,,,60,,
05/15/1515,CMBEBWHT,,,,60,,
11/11/1515,CMBEBWHT,,,,72,,
02/02/1516,CMBEBWHT,,,,72,,
05/15/1516,CMBEBWHT,,,,76,,
11/11/1516,CMBEBWHT,,,,76,,
02/02/1517,CMBEBWHT,,,,74,,
05/15/1517,CMBEBWHT,,,,76,,
11/11/1517,CMBEBWHT,,,,66,,
02/02/1518,CMBEBWHT,,,,66,,
05/15/1518,CMBEBWHT,,,,50,,
11/11/1518,CMBEBWHT,,,,48,,
02/02/1519,CMBEBWHT,,,,50,,
05/15/1519,CMBEBWHT,,,,48,,
11/11/1519,CMBEBWHT,,,,60,,
02/02/1520,CMBEBWHT,,,,60,,
05/15/1520,CMBEBWHT,,,,72,,
11/11/1520,CMBEBWHT,,,,78,,
02/02/1521,CMBEBWHT,,,,86,,
05/15/1521,CMBEBWHT,,,,84,,
11/11/1521,CMBEBWHT,,,,100,,
02/02/1522,CMBEBWHT,,,,92,,
05/15/1522,CMBEBWHT,,,,120,,
11/11/1522,CMBEBWHT,,,,100,,
02/02/1523,CMBEBWHT,,,,80,,
05/15/1523,CMBEBWHT,,,,60,,
11/11/1523,CMBEBWHT,,,,60,,
02/02/1524,CMBEBWHT,,,,72,,
05/15/1524,CMBEBWHT,,,,76,,
11/11/1524,CMBEBWHT,,,,100,,
02/02/1525,CMBEBWHT,,,,80,,
05/15/1525,CMBEBWHT,,,,84,,
11/11/1525,CMBEBWHT,,,,60,,
02/02/1526,CMBEBWHT,,,,56,,
05/15/1526,CMBEBWHT,,,,48,,
11/11/1526,CMBEBWHT,,,,80,,
02/02/1527,CMBEBWHT,,,,78,,
11/11/1527,CMBEBWHT,,,,80,,
02/02/1528,CMBEBWHT,,,,96,,
05/15/1528,CMBEBWHT,,,,80,,
11/11/1528,CMBEBWHT,,,,90,,
02/02/1529,CMBEBWHT,,,,90,,
05/15/1529,CMBEBWHT,,,,84,,
11/11/1529,CMBEBWHT,,,,96,,
02/02/1530,CMBEBWHT,,,,90,,
05/15/1530,CMBEBWHT,,,,80,,
11/11/1530,CMBEBWHT,,,,100,,
02/02/1531,CMBEBWHT,,,,100,,
05/15/1531,CMBEBWHT,,,,80,,
11/11/1531,CMBEBWHT,,,,100,,
02/02/1532,CMBEBWHT,,,,100,,
05/15/1532,CMBEBWHT,,,,140,,
11/11/1532,CMBEBWHT,,,,140,,
02/02/1533,CMBEBWHT,,,,90,,
05/15/1533,CMBEBWHT,,,,60,,
11/11/1533,CMBEBWHT,,,,84,,
02/02/1534,CMBEBWHT,,,,70,,
05/15/1534,CMBEBWHT,,,,48,,
11/11/1534,CMBEBWHT,,,,72,,
02/02/1535,CMBEBWHT,,,,72,,
05/15/1535,CMBEBWHT,,,,66,,
11/11/1535,CMBEBWHT,,,,132,,
02/02/1536,CMBEBWHT,,,,131,,
05/15/1536,CMBEBWHT,,,,120,,
11/11/1536,CMBEBWHT,,,,120,,
02/02/1537,CMBEBWHT,,,,144,,
05/15/1537,CMBEBWHT,,,,100,,
11/11/1537,CMBEBWHT,,,,84,,
02/02/1538,CMBEBWHT,,,,80,,
05/15/1538,CMBEBWHT,,,,66,,
11/11/1538,CMBEBWHT,,,,96,,
02/02/1539,CMBEBWHT,,,,100,,
05/15/1539,CMBEBWHT,,,,120,,
11/11/1539,CMBEBWHT,,,,108,,
02/02/1540,CMBEBWHT,,,,108,,
05/15/1540,CMBEBWHT,,,,90,,
11/11/1540,CMBEBWHT,,,,102,,
02/02/1541,CMBEBWHT,,,,100,,
05/15/1541,CMBEBWHT,,,,96,,
11/11/1541,CMBEBWHT,,,,100,,
02/02/1542,CMBEBWHT,,,,102,,
05/15/1542,CMBEBWHT,,,,90,,
11/11/1542,CMBEBWHT,,,,102,,
02/02/1543,CMBEBWHT,,,,102,,
05/15/1543,CMBEBWHT,,,,96,,
11/11/1543,CMBEBWHT,,,,102,,
02/02/1544,CMBEBWHT,,,,114,,
05/15/1544,CMBEBWHT,,,,120,,
11/11/1544,CMBEBWHT,,,,136,,
02/02/1545,CMBEBWHT,,,,160,,
05/15/1545,CMBEBWHT,,,,144,,
11/11/1545,CMBEBWHT,,,,168,,
02/02/1546,CMBEBWHT,,,,168,,
05/15/1546,CMBEBWHT,,,,200,,
11/11/1546,CMBEBWHT,,,,108,,
02/02/1547,CMBEBWHT,,,,96,,
05/15/1547,CMBEBWHT,,,,66,,
11/11/1547,CMBEBWHT,,,,66,,
02/02/1548,CMBEBWHT,,,,66,,
05/15/1548,CMBEBWHT,,,,48,,
11/11/1548,CMBEBWHT,,,,80,,
02/02/1549,CMBEBWHT,,,,80,,
05/15/1549,CMBEBWHT,,,,80,,
11/11/1549,CMBEBWHT,,,,120,,
02/02/1550,CMBEBWHT,,,,132,,
05/15/1550,CMBEBWHT,,,,126,,
11/11/1550,CMBEBWHT,,,,120,,
02/02/1551,CMBEBWHT,,,,120,,
05/15/1551,CMBEBWHT,,,,120,,
11/11/1551,CMBEBWHT,,,,144,,
02/02/1552,CMBEBWHT,,,,160,,
05/15/1552,CMBEBWHT,,,,160,,
11/11/1552,CMBEBWHT,,,,144,,
02/02/1553,CMBEBWHT,,,,144,,
05/15/1553,CMBEBWHT,,,,120,,
11/11/1553,CMBEBWHT,,,,160,,
02/02/1554,CMBEBWHT,,,,144,,
05/15/1554,CMBEBWHT,,,,112,,
11/11/1554,CMBEBWHT,,,,120,,
02/02/1555,CMBEBWHT,,,,110,,
05/15/1555,CMBEBWHT,,,,96,,
11/11/1555,CMBEBWHT,,,,176,,
02/02/1556,CMBEBWHT,,,,160,,
05/15/1556,CMBEBWHT,,,,184,,
11/11/1556,CMBEBWHT,,,,256,,
02/02/1557,CMBEBWHT,,,,288,,
05/15/1557,CMBEBWHT,,,,336,,
11/11/1557,CMBEBWHT,,,,128,,
02/02/1558,CMBEBWHT,,,,120,,
05/15/1558,CMBEBWHT,,,,80,,
11/11/1558,CMBEBWHT,,,,124,,
02/02/1559,CMBEBWHT,,,,144,,
05/15/1559,CMBEBWHT,,,,120,,
11/11/1559,CMBEBWHT,,,,160,,
02/02/1560,CMBEBWHT,,,,176,,
05/15/1560,CMBEBWHT,,,,152,,
11/11/1560,CMBEBWHT,,,,160,,
02/02/1561,CMBEBWHT,,,,144,,
05/15/1561,CMBEBWHT,,,,132,,
11/11/1561,CMBEBWHT,,,,168,,
02/02/1562,CMBEBWHT,,,,192,,
05/15/1562,CMBEBWHT,,,,144,,
11/11/1562,CMBEBWHT,,,,210,,
02/02/1563,CMBEBWHT,,,,240,,
05/15/1563,CMBEBWHT,,,,204,,
11/11/1563,CMBEBWHT,,,,160,,
02/02/1564,CMBEBWHT,,,,144,,
05/15/1564,CMBEBWHT,,,,144,,
11/11/1564,CMBEBWHT,,,,160,,
02/02/1565,CMBEBWHT,,,,144,,
05/15/1565,CMBEBWHT,,,,192,,
11/11/1565,CMBEBWHT,,,,336,,
02/02/1566,CMBEBWHT,,,,300,,
05/15/1566,CMBEBWHT,,,,240,,
11/11/1566,CMBEBWHT,,,,192,,
02/02/1567,CMBEBWHT,,,,168,,
05/15/1567,CMBEBWHT,,,,168,,
11/11/1567,CMBEBWHT,,,,128,,
02/02/1568,CMBEBWHT,,,,144,,
05/15/1568,CMBEBWHT,,,,144,,
11/11/1568,CMBEBWHT,,,,176,,
02/02/1569,CMBEBWHT,,,,176,,
05/15/1569,CMBEBWHT,,,,160,,
11/11/1569,CMBEBWHT,,,,192,,
02/02/1570,CMBEBWHT,,,,168,,
05/15/1570,CMBEBWHT,,,,168,,
11/11/1570,CMBEBWHT,,,,192,,
02/02/1571,CMBEBWHT,,,,208,,
05/15/1571,CMBEBWHT,,,,200,,
11/11/1571,CMBEBWHT,,,,240,,
02/02/1572,CMBEBWHT,,,,240,,
05/15/1572,CMBEBWHT,,,,224,,
11/11/1572,CMBEBWHT,,,,224,,
02/02/1573,CMBEBWHT,,,,240,,
05/15/1573,CMBEBWHT,,,,240,,
11/11/1573,CMBEBWHT,,,,320,,
02/02/1574,CMBEBWHT,,,,308,,
05/15/1574,CMBEBWHT,,,,300,,
11/11/1574,CMBEBWHT,,,,288,,
02/02/1575,CMBEBWHT,,,,288,,
05/15/1575,CMBEBWHT,,,,276,,
11/11/1575,CMBEBWHT,,,,216,,
02/02/1576,CMBEBWHT,,,,200,,
05/15/1576,CMBEBWHT,,,,252,,
11/11/1576,CMBEBWHT,,,,264,,
02/02/1577,CMBEBWHT,,,,300,,
05/15/1577,CMBEBWHT,,,,280,,
11/11/1577,CMBEBWHT,,,,240,,
02/02/1578,CMBEBWHT,,,,264,,
05/15/1578,CMBEBWHT,,,,240,,
11/11/1578,CMBEBWHT,,,,240,,
02/02/1579,CMBEBWHT,,,,240,,
05/15/1579,CMBEBWHT,,,,240,,
11/11/1584,CMBEBWHT,,,,600,,
02/02/1585,CMBEBWHT,,,,540,,
05/15/1585,CMBEBWHT,,,,480,,
11/11/1585,CMBEBWHT,,,,720,,
02/02/1586,CMBEBWHT,,,,720,,
05/15/1586,CMBEBWHT,,,,720,,
11/11/1586,CMBEBWHT,,,,960,,
02/02/1587,CMBEBWHT,,,,960,,
05/15/1587,CMBEBWHT,,,,960,,
11/11/1587,CMBEBWHT,,,,576,,
02/02/1588,CMBEBWHT,,,,288,,
05/15/1588,CMBEBWHT,,,,240,,
11/11/1588,CMBEBWHT,,,,264,,
02/02/1589,CMBEBWHT,,,,251,,
05/15/1589,CMBEBWHT,,,,252,,
11/11/1589,CMBEBWHT,,,,280,,
02/02/1590,CMBEBWHT,,,,280,,
05/15/1590,CMBEBWHT,,,,311,,
11/11/1590,CMBEBWHT,,,,400,,
02/02/1591,CMBEBWHT,,,,360,,
05/15/1591,CMBEBWHT,,,,360,,
11/11/1591,CMBEBWHT,,,,360,,
02/02/1592,CMBEBWHT,,,,388,,
05/15/1592,CMBEBWHT,,,,320,,
11/11/1592,CMBEBWHT,,,,300,,
02/02/1593,CMBEBWHT,,,,312,,
05/15/1593,CMBEBWHT,,,,320,,
11/11/1593,CMBEBWHT,,,,312,,
02/02/1594,CMBEBWHT,,,,312,,
05/15/1594,CMBEBWHT,,,,312,,
11/11/1594,CMBEBWHT,,,,360,,
02/02/1595,CMBEBWHT,,,,400,,
05/15/1595,CMBEBWHT,,,,540,,
11/11/1595,CMBEBWHT,,,,600,,
02/02/1596,CMBEBWHT,,,,540,,
05/15/1596,CMBEBWHT,,,,528,,
11/11/1596,CMBEBWHT,,,,576,,
02/02/1597,CMBEBWHT,,,,520,,
05/15/1597,CMBEBWHT,,,,528,,
05/15/1598,CMBEBWHT,,,,480,,
11/11/1598,CMBEBWHT,,,,360,,
02/02/1599,CMBEBWHT,,,,300,,
05/15/1599,CMBEBWHT,,,,420,,
11/11/1599,CMBEBWHT,,,,360,,
02/02/1600,CMBEBWHT,,,,300,,
05/15/1600,CMBEBWHT,,,,320,,
11/11/1600,CMBEBWHT,,,,360,,
02/02/1601,CMBEBWHT,,,,360,,
05/15/1601,CMBEBWHT,,,,360,,
11/11/1601,CMBEBWHT,,,,360,,
02/02/1602,CMBEBWHT,,,,360,,
11/11/1604,CMBEBWHT,,,,300,,
02/02/1605,CMBEBWHT,,,,276,,
05/15/1605,CMBEBWHT,,,,264,,
11/11/1605,CMBEBWHT,,,,300,,
02/02/1606,CMBEBWHT,,,,288,,
05/15/1606,CMBEBWHT,,,,240,,
11/11/1606,CMBEBWHT,,,,300,,
02/02/1607,CMBEBWHT,,,,300,,
05/15/1607,CMBEBWHT,,,,300,,
11/11/1607,CMBEBWHT,,,,360,,
02/02/1608,CMBEBWHT,,,,360,,
05/15/1608,CMBEBWHT,,,,400,,
11/11/1608,CMBEBWHT,,,,480,,
02/02/1609,CMBEBWHT,,,,440,,
05/15/1609,CMBEBWHT,,,,360,,
11/11/1609,CMBEBWHT,,,,288,,
02/02/1610,CMBEBWHT,,,,264,,
05/15/1610,CMBEBWHT,,,,264,,
11/11/1610,CMBEBWHT,,,,270,,
02/02/1611,CMBEBWHT,,,,260,,
05/15/1611,CMBEBWHT,,,,240,,
11/11/1611,CMBEBWHT,,,,400,,
02/02/1612,CMBEBWHT,,,,432,,
05/15/1612,CMBEBWHT,,,,440,,
11/11/1612,CMBEBWHT,,,,384,,
02/02/1613,CMBEBWHT,,,,400,,
05/15/1613,CMBEBWHT,,,,340,,
11/11/1613,CMBEBWHT,,,,360,,
02/02/1614,CMBEBWHT,,,,264,,
05/15/1614,CMBEBWHT,,,,360,,
11/11/1614,CMBEBWHT,,,,324,,
02/02/1615,CMBEBWHT,,,,320,,
05/15/1615,CMBEBWHT,,,,300,,
11/11/1615,CMBEBWHT,,,,320,,
02/02/1616,CMBEBWHT,,,,360,,
05/15/1616,CMBEBWHT,,,,360,,
11/11/1616,CMBEBWHT,,,,480,,
02/02/1617,CMBEBWHT,,,,480,,
05/15/1617,CMBEBWHT,,,,480,,
11/11/1617,CMBEBWHT,,,,480,,
02/02/1618,CMBEBWHT,,,,520,,
05/15/1618,CMBEBWHT,,,,480,,
11/11/1618,CMBEBWHT,,,,360,,
02/02/1619,CMBEBWHT,,,,280,,
05/15/1619,CMBEBWHT,,,,240,,
11/11/1619,CMBEBWHT,,,,300,,
02/02/1620,CMBEBWHT,,,,251,,
05/15/1620,CMBEBWHT,,,,251,,
11/11/1620,CMBEBWHT,,,,291,,
02/02/1621,CMBEBWHT,,,,291,,
05/15/1621,CMBEBWHT,,,,331,,
11/11/1621,CMBEBWHT,,,,431,,
02/02/1622,CMBEBWHT,,,,491,,
05/15/1622,CMBEBWHT,,,,491,,
11/11/1622,CMBEBWHT,,,,600,,
02/02/1623,CMBEBWHT,,,,600,,
05/15/1623,CMBEBWHT,,,,576,,
11/11/1623,CMBEBWHT,,,,432,,
02/02/1624,CMBEBWHT,,,,432,,
05/15/1624,CMBEBWHT,,,,432,,
11/11/1624,CMBEBWHT,,,,480,,
02/02/1625,CMBEBWHT,,,,400,,
05/15/1625,CMBEBWHT,,,,432,,
11/11/1625,CMBEBWHT,,,,520,,
02/02/1626,CMBEBWHT,,,,560,,
05/15/1626,CMBEBWHT,,,,600,,
11/11/1626,CMBEBWHT,,,,624,,
02/02/1627,CMBEBWHT,,,,600,,
05/15/1627,CMBEBWHT,,,,576,,
11/11/1627,CMBEBWHT,,,,432,,
02/02/1628,CMBEBWHT,,,,432,,
05/15/1628,CMBEBWHT,,,,320,,
11/11/1628,CMBEBWHT,,,,400,,
02/02/1629,CMBEBWHT,,,,400,,
05/15/1629,CMBEBWHT,,,,480,,
11/11/1629,CMBEBWHT,,,,480,,
02/02/1630,CMBEBWHT,,,,480,,
05/15/1630,CMBEBWHT,,,,432,,
11/11/1630,CMBEBWHT,,,,600,,
02/02/1631,CMBEBWHT,,,,672,,
05/15/1631,CMBEBWHT,,,,672,,
11/11/1631,CMBEBWHT,,,,576,,
02/02/1632,CMBEBWHT,,,,600,,
05/15/1632,CMBEBWHT,,,,576,,
11/11/1632,CMBEBWHT,,,,480,,
02/02/1633,CMBEBWHT,,,,480,,
05/15/1633,CMBEBWHT,,,,480,,
11/11/1633,CMBEBWHT,,,,480,,
02/02/1634,CMBEBWHT,,,,528,,
05/15/1634,CMBEBWHT,,,,480,,
11/11/1634,CMBEBWHT,,,,456,,
02/02/1635,CMBEBWHT,,,,480,,
05/15/1635,CMBEBWHT,,,,480,,
11/11/1635,CMBEBWHT,,,,432,,
02/02/1636,CMBEBWHT,,,,456,,
05/15/1636,CMBEBWHT,,,,456,,
11/11/1636,CMBEBWHT,,,,480,,
02/02/1637,CMBEBWHT,,,,432,,
05/15/1637,CMBEBWHT,,,,384,,
11/11/1637,CMBEBWHT,,,,456,,
02/02/1638,CMBEBWHT,,,,456,,
05/15/1638,CMBEBWHT,,,,432,,
11/11/1638,CMBEBWHT,,,,432,,
02/02/1639,CMBEBWHT,,,,432,,
05/15/1639,CMBEBWHT,,,,456,,
11/11/1639,CMBEBWHT,,,,528,,
02/02/1640,CMBEBWHT,,,,576,,
05/15/1640,CMBEBWHT,,,,672,,
11/11/1640,CMBEBWHT,,,,576,,
02/02/1641,CMBEBWHT,,,,576,,
05/15/1641,CMBEBWHT,,,,566,,
11/11/1641,CMBEBWHT,,,,480,,
02/02/1642,CMBEBWHT,,,,480,,
05/15/1642,CMBEBWHT,,,,432,,
11/11/1642,CMBEBWHT,,,,576,,
02/02/1643,CMBEBWHT,,,,480,,
05/15/1643,CMBEBWHT,,,,576,,
11/11/1643,CMBEBWHT,,,,528,,
02/02/1644,CMBEBWHT,,,,576,,
05/15/1644,CMBEBWHT,,,,600,,
11/11/1644,CMBEBWHT,,,,576,,
02/02/1645,CMBEBWHT,,,,568,,
05/15/1645,CMBEBWHT,,,,504,,
11/11/1645,CMBEBWHT,,,,432,,
02/02/1646,CMBEBWHT,,,,408,,
05/15/1646,CMBEBWHT,,,,408,,
11/11/1646,CMBEBWHT,,,,480,,
02/02/1647,CMBEBWHT,,,,480,,
05/15/1647,CMBEBWHT,,,,480,,
11/11/1647,CMBEBWHT,,,,720,,
02/02/1648,CMBEBWHT,,,,696,,
05/15/1648,CMBEBWHT,,,,720,,
11/11/1648,CMBEBWHT,,,,720,,
02/02/1649,CMBEBWHT,,,,640,,
05/15/1649,CMBEBWHT,,,,720,,
11/11/1649,CMBEBWHT,,,,800,,
02/02/1650,CMBEBWHT,,,,800,,
05/15/1650,CMBEBWHT,,,,560,,
11/11/1650,CMBEBWHT,,,,672,,
02/02/1651,CMBEBWHT,,,,600,,
05/15/1651,CMBEBWHT,,,,648,,
11/11/1651,CMBEBWHT,,,,768,,
02/02/1652,CMBEBWHT,,,,840,,
05/15/1652,CMBEBWHT,,,,840,,
11/11/1652,CMBEBWHT,,,,680,,
02/02/1653,CMBEBWHT,,,,432,,
05/15/1653,CMBEBWHT,,,,376,,
11/11/1653,CMBEBWHT,,,,384,,
02/02/1654,CMBEBWHT,,,,300,,
05/15/1654,CMBEBWHT,,,,288,,
11/11/1654,CMBEBWHT,,,,360,,
02/02/1655,CMBEBWHT,,,,320,,
05/15/1655,CMBEBWHT,,,,400,,
11/11/1655,CMBEBWHT,,,,432,,
02/02/1656,CMBEBWHT,,,,480,,
05/15/1656,CMBEBWHT,,,,480,,
11/11/1656,CMBEBWHT,,,,432,,
02/02/1657,CMBEBWHT,,,,416,,
05/15/1657,CMBEBWHT,,,,360,,
11/11/1657,CMBEBWHT,,,,336,,
02/02/1658,CMBEBWHT,,,,360,,
05/15/1658,CMBEBWHT,,,,384,,
11/11/1658,CMBEBWHT,,,,560,,
02/02/1659,CMBEBWHT,,,,600,,
05/15/1659,CMBEBWHT,,,,560,,
11/11/1659,CMBEBWHT,,,,480,,
02/02/1660,CMBEBWHT,,,,480,,
05/15/1660,CMBEBWHT,,,,520,,
11/11/1660,CMBEBWHT,,,,600,,
02/02/1661,CMBEBWHT,,,,656,,
11/11/1663,CMBEBWHT,,,,640,,
02/02/1664,CMBEBWHT,,,,600,,
05/15/1664,CMBEBWHT,,,,676,,
11/11/1664,CMBEBWHT,,,,408,,
02/02/1665,CMBEBWHT,,,,384,,
05/15/1665,CMBEBWHT,,,,408,,
11/11/1665,CMBEBWHT,,,,384,,
02/02/1666,CMBEBWHT,,,,384,,
05/15/1666,CMBEBWHT,,,,336,,
11/11/1666,CMBEBWHT,,,,340,,
02/02/1667,CMBEBWHT,,,,336,,
05/15/1667,CMBEBWHT,,,,384,,
11/11/1667,CMBEBWHT,,,,384,,
02/02/1668,CMBEBWHT,,,,336,,
05/15/1668,CMBEBWHT,,,,384,,
11/11/1668,CMBEBWHT,,,,384,,
05/15/1670,CMBEBWHT,,,,384,,
02/02/1671,CMBEBWHT,,,,420,,
05/15/1671,CMBEBWHT,,,,392,,
02/02/1672,CMBEBWHT,,,,396,,
05/15/1672,CMBEBWHT,,,,394,,
02/02/1673,CMBEBWHT,,,,444,,
05/15/1673,CMBEBWHT,,,,408,,
11/11/1673,CMBEBWHT,,,,468,,
05/15/1674,CMBEBWHT,,,,446,,
11/11/1674,CMBEBWHT,,,,516,,
02/02/1675,CMBEBWHT,,,,648,,
05/15/1675,CMBEBWHT,,,,600,,
11/11/1675,CMBEBWHT,,,,552,,
02/02/1676,CMBEBWHT,,,,516,,
05/15/1676,CMBEBWHT,,,,480,,
11/11/1676,CMBEBWHT,,,,456,,
02/02/1677,CMBEBWHT,,,,432,,
05/15/1677,CMBEBWHT,,,,468,,
11/11/1677,CMBEBWHT,,,,456,,
02/02/1678,CMBEBWHT,,,,432,,
05/15/1678,CMBEBWHT,,,,426,,
02/02/1679,CMBEBWHT,,,,432,,
05/15/1679,CMBEBWHT,,,,512,,
11/11/1679,CMBEBWHT,,,,480,,
02/02/1680,CMBEBWHT,,,,412,,
05/15/1680,CMBEBWHT,,,,384,,
11/11/1680,CMBEBWHT,,,,472,,
02/02/1681,CMBEBWHT,,,,492,,
05/15/1681,CMBEBWHT,,,,500,,
11/11/1681,CMBEBWHT,,,,392,,
02/02/1682,CMBEBWHT,,,,408,,
05/15/1682,CMBEBWHT,,,,396,,
11/11/1682,CMBEBWHT,,,,396,,
02/02/1683,CMBEBWHT,,,,432,,
05/15/1683,CMBEBWHT,,,,408,,
11/11/1683,CMBEBWHT,,,,432,,
02/02/1684,CMBEBWHT,,,,456,,
05/15/1684,CMBEBWHT,,,,496,,
11/11/1684,CMBEBWHT,,,,448,,
02/02/1685,CMBEBWHT,,,,528,,
05/15/1685,CMBEBWHT,,,,516,,
11/11/1685,CMBEBWHT,,,,416,,
02/02/1686,CMBEBWHT,,,,368,,
05/15/1686,CMBEBWHT,,,,268,,
11/11/1686,CMBEBWHT,,,,300,,
02/02/1687,CMBEBWHT,,,,300,,
05/15/1687,CMBEBWHT,,,,348,,
11/11/1687,CMBEBWHT,,,,256,,
02/02/1688,CMBEBWHT,,,,252,,
05/15/1688,CMBEBWHT,,,,216,,
11/11/1688,CMBEBWHT,,,,220,,
02/02/1689,CMBEBWHT,,,,260,,
05/15/1689,CMBEBWHT,,,,280,,
11/11/1689,CMBEBWHT,,,,400,,
02/02/1690,CMBEBWHT,,,,380,,
05/15/1690,CMBEBWHT,,,,360,,
11/11/1690,CMBEBWHT,,,,344,,
02/02/1691,CMBEBWHT,,,,320,,
05/15/1691,CMBEBWHT,,,,296,,
11/11/1691,CMBEBWHT,,,,356,,
02/02/1692,CMBEBWHT,,,,408,,
05/15/1692,CMBEBWHT,,,,516,,
11/11/1692,CMBEBWHT,,,,696,,
02/02/1693,CMBEBWHT,,,,780,,
05/15/1693,CMBEBWHT,,,,812,,
11/11/1693,CMBEBWHT,,,,726,,
02/02/1694,CMBEBWHT,,,,740,,
05/15/1694,CMBEBWHT,,,,684,,
11/11/1694,CMBEBWHT,,,,586,,
02/02/1695,CMBEBWHT,,,,552,,
05/15/1695,CMBEBWHT,,,,544,,
11/11/1695,CMBEBWHT,,,,640,,
02/02/1696,CMBEBWHT,,,,552,,
05/15/1696,CMBEBWHT,,,,544,,
11/11/1696,CMBEBWHT,,,,556,,
02/02/1697,CMBEBWHT,,,,584,,
05/15/1697,CMBEBWHT,,,,628,,
11/11/1697,CMBEBWHT,,,,708,,
02/02/1698,CMBEBWHT,,,,840,,
05/15/1698,CMBEBWHT,,,,720,,
11/11/1698,CMBEBWHT,,,,808,,
02/02/1699,CMBEBWHT,,,,812,,
05/15/1699,CMBEBWHT,,,,1096,,
11/11/1699,CMBEBWHT,,,,644,,
02/02/1700,CMBEBWHT,,,,506,,
05/15/1700,CMBEBWHT,,,,484,,
11/11/1700,CMBEBWHT,,,,436,,
02/02/1701,CMBEBWHT,,,,448,,
05/15/1701,CMBEBWHT,,,,382,,
11/11/1701,CMBEBWHT,,,,436,,
02/02/1702,CMBEBWHT,,,,448,,
05/15/1702,CMBEBWHT,,,,382,,
11/11/1702,CMBEBWHT,,,,280,,
02/02/1703,CMBEBWHT,,,,304,,
05/15/1703,CMBEBWHT,,,,266,,
11/11/1703,CMBEBWHT,,,,472,,
02/02/1704,CMBEBWHT,,,,560,,
05/15/1704,CMBEBWHT,,,,456,,
11/11/1704,CMBEBWHT,,,,432,,
02/02/1705,CMBEBWHT,,,,416,,
05/15/1705,CMBEBWHT,,,,340,,
11/11/1705,CMBEBWHT,,,,324,,
02/02/1706,CMBEBWHT,,,,352,,
05/15/1706,CMBEBWHT,,,,304,,
11/11/1706,CMBEBWHT,,,,376,,
02/02/1707,CMBEBWHT,,,,380,,
05/15/1707,CMBEBWHT,,,,368,,
11/11/1707,CMBEBWHT,,,,368,,
02/02/1708,CMBEBWHT,,,,270,,
05/15/1708,CMBEBWHT,,,,290,,
11/11/1708,CMBEBWHT,,,,784,,
02/02/1709,CMBEBWHT,,,,540,,
05/15/1709,CMBEBWHT,,,,1320,,
11/11/1709,CMBEBWHT,,,,1328,,
02/02/1710,CMBEBWHT,,,,1180,,
05/15/1710,CMBEBWHT,,,,1296,,
11/11/1710,CMBEBWHT,,,,584,,
02/02/1711,CMBEBWHT,,,,540,,
05/15/1711,CMBEBWHT,,,,538,,
11/11/1711,CMBEBWHT,,,,392,,
02/02/1712,CMBEBWHT,,,,424,,
05/15/1712,CMBEBWHT,,,,402,,
11/11/1712,CMBEBWHT,,,,586,,
02/02/1713,CMBEBWHT,,,,540,,
05/15/1713,CMBEBWHT,,,,598,,
11/11/1713,CMBEBWHT,,,,590,,
02/02/1714,CMBEBWHT,,,,584,,
05/15/1714,CMBEBWHT,,,,588,,
11/11/1714,CMBEBWHT,,,,600,,
02/02/1715,CMBEBWHT,,,,498,,
05/15/1715,CMBEBWHT,,,,386,,
11/11/1715,CMBEBWHT,,,,452,,
02/02/1716,CMBEBWHT,,,,446,,
05/15/1716,CMBEBWHT,,,,473,,
11/11/1716,CMBEBWHT,,,,408,,
02/02/1717,CMBEBWHT,,,,384,,
05/15/1717,CMBEBWHT,,,,418,,
11/11/1717,CMBEBWHT,,,,332,,
02/02/1718,CMBEBWHT,,,,372,,
05/15/1718,CMBEBWHT,,,,354,,
11/11/1718,CMBEBWHT,,,,276,,
02/02/1719,CMBEBWHT,,,,240,,
05/15/1719,CMBEBWHT,,,,240,,
11/11/1719,CMBEBWHT,,,,360,,
02/02/1720,CMBEBWHT,,,,258,,
05/15/1720,CMBEBWHT,,,,288,,
11/11/1720,CMBEBWHT,,,,256,,
02/02/1721,CMBEBWHT,,,,272,,
05/15/1721,CMBEBWHT,,,,240,,
11/11/1721,CMBEBWHT,,,,264,,
02/02/1722,CMBEBWHT,,,,302,,
05/15/1722,CMBEBWHT,,,,332,,
11/11/1722,CMBEBWHT,,,,336,,
02/02/1723,CMBEBWHT,,,,324,,
05/15/1723,CMBEBWHT,,,,338,,
11/11/1723,CMBEBWHT,,,,336,,
02/02/1724,CMBEBWHT,,,,296,,
05/15/1724,CMBEBWHT,,,,307,,
11/11/1724,CMBEBWHT,,,,420,,
02/02/1725,CMBEBWHT,,,,434,,
05/15/1725,CMBEBWHT,,,,374,,
11/11/1725,CMBEBWHT,,,,440,,
02/02/1726,CMBEBWHT,,,,546,,
05/15/1726,CMBEBWHT,,,,470,,
11/11/1726,CMBEBWHT,,,,452,,
02/02/1727,CMBEBWHT,,,,452,,
05/15/1727,CMBEBWHT,,,,429,,
11/11/1727,CMBEBWHT,,,,408,,
02/02/1728,CMBEBWHT,,,,390,,
05/15/1728,CMBEBWHT,,,,354,,
11/11/1728,CMBEBWHT,,,,430,,
02/02/1729,CMBEBWHT,,,,430,,
05/15/1729,CMBEBWHT,,,,480,,
11/11/1729,CMBEBWHT,,,,400,,
02/02/1730,CMBEBWHT,,,,360,,
05/15/1730,CMBEBWHT,,,,290,,
11/11/1730,CMBEBWHT,,,,360,,
02/02/1731,CMBEBWHT,,,,396,,
05/15/1731,CMBEBWHT,,,,396,,
11/11/1731,CMBEBWHT,,,,288,,
02/02/1732,CMBEBWHT,,,,280,,
05/15/1732,CMBEBWHT,,,,269,,
11/11/1732,CMBEBWHT,,,,260,,
02/02/1733,CMBEBWHT,,,,264,,
05/15/1733,CMBEBWHT,,,,232,,
11/11/1733,CMBEBWHT,,,,300,,
02/02/1734,CMBEBWHT,,,,344,,
05/15/1734,CMBEBWHT,,,,352,,
11/11/1734,CMBEBWHT,,,,414,,
02/02/1735,CMBEBWHT,,,,406,,
05/15/1735,CMBEBWHT,,,,328,,
11/11/1735,CMBEBWHT,,,,354,,
02/02/1736,CMBEBWHT,,,,300,,
05/15/1736,CMBEBWHT,,,,300,,
11/11/1736,CMBEBWHT,,,,298,,
02/02/1737,CMBEBWHT,,,,294,,
05/15/1737,CMBEBWHT,,,,362,,
11/11/1737,CMBEBWHT,,,,396,,
02/02/1738,CMBEBWHT,,,,358,,
05/15/1738,CMBEBWHT,,,,352,,
11/11/1738,CMBEBWHT,,,,432,,
02/02/1739,CMBEBWHT,,,,414,,
05/15/1739,CMBEBWHT,,,,468,,
11/11/1739,CMBEBWHT,,,,492,,
02/02/1740,CMBEBWHT,,,,552,,
05/15/1740,CMBEBWHT,,,,936,,
11/11/1740,CMBEBWHT,,,,840,,
02/02/1741,CMBEBWHT,,,,744,,
05/15/1741,CMBEBWHT,,,,618,,
11/11/1741,CMBEBWHT,,,,384,,
02/02/1742,CMBEBWHT,,,,362,,
05/15/1742,CMBEBWHT,,,,352,,
11/11/1742,CMBEBWHT,,,,315,,
02/02/1743,CMBEBWHT,,,,282,,
05/15/1743,CMBEBWHT,,,,270,,
11/11/1743,CMBEBWHT,,,,302,,
02/02/1744,CMBEBWHT,,,,282,,
05/15/1744,CMBEBWHT,,,,348,,
11/11/1744,CMBEBWHT,,,,362,,
02/02/1745,CMBEBWHT,,,,352,,
05/15/1745,CMBEBWHT,,,,336,,
11/11/1745,CMBEBWHT,,,,342,,
02/02/1746,CMBEBWHT,,,,354,,
05/15/1746,CMBEBWHT,,,,396,,
11/11/1746,CMBEBWHT,,,,372,,
02/02/1747,CMBEBWHT,,,,342,,
05/15/1747,CMBEBWHT,,,,324,,
11/11/1747,CMBEBWHT,,,,340,,
02/02/1748,CMBEBWHT,,,,368,,
05/15/1748,CMBEBWHT,,,,348,,
11/11/1748,CMBEBWHT,,,,498,,
02/02/1749,CMBEBWHT,,,,428,,
05/15/1749,CMBEBWHT,,,,398,,
11/11/1749,CMBEBWHT,,,,480,,
02/02/1750,CMBEBWHT,,,,420,,
05/15/1750,CMBEBWHT,,,,480,,
11/11/1750,CMBEBWHT,,,,428,,
02/02/1751,CMBEBWHT,,,,366,,
05/15/1751,CMBEBWHT,,,,361,,
11/11/1751,CMBEBWHT,,,,430,,
02/02/1752,CMBEBWHT,,,,478,,
05/15/1752,CMBEBWHT,,,,492,,
11/11/1752,CMBEBWHT,,,,478,,
02/02/1753,CMBEBWHT,,,,460,,
05/15/1753,CMBEBWHT,,,,432,,
11/11/1753,CMBEBWHT,,,,346,,
02/02/1754,CMBEBWHT,,,,336,,
05/15/1754,CMBEBWHT,,,,346,,
11/11/1754,CMBEBWHT,,,,324,,
02/02/1755,CMBEBWHT,,,,334,,
05/15/1755,CMBEBWHT,,,,284,,
11/11/1755,CMBEBWHT,,,,306,,
02/02/1756,CMBEBWHT,,,,328,,
05/15/1756,CMBEBWHT,,,,364,,
11/11/1756,CMBEBWHT,,,,466,,
02/02/1757,CMBEBWHT,,,,556,,
05/15/1757,CMBEBWHT,,,,616,,
11/11/1757,CMBEBWHT,,,,442,,
02/02/1758,CMBEBWHT,,,,402,,
05/15/1758,CMBEBWHT,,,,376,,
11/11/1758,CMBEBWHT,,,,436,,
02/02/1759,CMBEBWHT,,,,438,,
05/15/1759,CMBEBWHT,,,,348,,
11/11/1759,CMBEBWHT,,,,432,,
02/02/1760,CMBEBWHT,,,,374,,
05/15/1760,CMBEBWHT,,,,422,,
11/11/1760,CMBEBWHT,,,,416,,
02/02/1761,CMBEBWHT,,,,370,,
05/15/1761,CMBEBWHT,,,,334,,
11/11/1761,CMBEBWHT,,,,402,,
02/02/1762,CMBEBWHT,,,,446,,
05/15/1762,CMBEBWHT,,,,494,,
11/11/1762,CMBEBWHT,,,,406,,
02/02/1763,CMBEBWHT,,,,396,,
05/15/1763,CMBEBWHT,,,,409,,
11/11/1763,CMBEBWHT,,,,412,,
02/02/1764,CMBEBWHT,,,,426,,
05/15/1764,CMBEBWHT,,,,411,,
11/11/1764,CMBEBWHT,,,,450,,
02/02/1765,CMBEBWHT,,,,424,,
05/15/1765,CMBEBWHT,,,,480,,
11/11/1765,CMBEBWHT,,,,530,,
02/02/1766,CMBEBWHT,,,,490,,
05/15/1766,CMBEBWHT,,,,436,,
11/11/1766,CMBEBWHT,,,,466,,
02/02/1767,CMBEBWHT,,,,510,,
05/15/1767,CMBEBWHT,,,,552,,
11/11/1767,CMBEBWHT,,,,490,,
02/02/1768,CMBEBWHT,,,,438,,
05/15/1768,CMBEBWHT,,,,480,,
11/11/1768,CMBEBWHT,,,,512,,
02/02/1769,CMBEBWHT,,,,454,,
05/15/1769,CMBEBWHT,,,,416,,
11/11/1769,CMBEBWHT,,,,462,,
02/02/1770,CMBEBWHT,,,,330,,
05/15/1770,CMBEBWHT,,,,350,,
11/11/1770,CMBEBWHT,,,,467,,
02/02/1771,CMBEBWHT,,,,428,,
05/15/1771,CMBEBWHT,,,,446,,
11/11/1771,CMBEBWHT,,,,632,,
02/02/1772,CMBEBWHT,,,,548,,
05/15/1772,CMBEBWHT,,,,568,,
11/11/1772,CMBEBWHT,,,,536,,
02/02/1773,CMBEBWHT,,,,482,,
05/15/1773,CMBEBWHT,,,,500,,
11/11/1773,CMBEBWHT,,,,476,,
02/02/1774,CMBEBWHT,,,,420,,
05/15/1774,CMBEBWHT,,,,416,,
11/11/1774,CMBEBWHT,,,,488,,
02/02/1775,CMBEBWHT,,,,456,,
05/15/1775,CMBEBWHT,,,,492,,
11/11/1775,CMBEBWHT,,,,470,,
02/02/1776,CMBEBWHT,,,,416,,
05/15/1776,CMBEBWHT,,,,400,,
11/11/1776,CMBEBWHT,,,,414,,
02/02/1777,CMBEBWHT,,,,407,,
05/15/1777,CMBEBWHT,,,,444,,
11/11/1777,CMBEBWHT,,,,536,,
02/02/1778,CMBEBWHT,,,,436,,
05/15/1778,CMBEBWHT,,,,412,,
11/11/1778,CMBEBWHT,,,,412,,
02/02/1779,CMBEBWHT,,,,404,,
05/15/1779,CMBEBWHT,,,,435,,
11/11/1779,CMBEBWHT,,,,436,,
02/02/1780,CMBEBWHT,,,,422,,
05/15/1780,CMBEBWHT,,,,396,,
11/11/1780,CMBEBWHT,,,,442,,
02/02/1781,CMBEBWHT,,,,440,,
05/15/1781,CMBEBWHT,,,,456,,
11/11/1781,CMBEBWHT,,,,458,,
02/02/1782,CMBEBWHT,,,,408,,
05/15/1782,CMBEBWHT,,,,386,,
11/11/1782,CMBEBWHT,,,,512,,
02/02/1783,CMBEBWHT,,,,488,,
05/15/1783,CMBEBWHT,,,,442,,
11/11/1783,CMBEBWHT,,,,536,,
02/02/1784,CMBEBWHT,,,,504,,
05/15/1784,CMBEBWHT,,,,570,,
11/11/1784,CMBEBWHT,,,,546,,
02/02/1785,CMBEBWHT,,,,438,,
11/11/1785,CMBEBWHT,,,,466,,
02/02/1786,CMBEBWHT,,,,460,,
05/15/1786,CMBEBWHT,,,,470,,
11/11/1786,CMBEBWHT,,,,466,,
02/02/1787,CMBEBWHT,,,,484,,
05/15/1787,CMBEBWHT,,,,448,,
11/11/1787,CMBEBWHT,,,,466,,
02/02/1788,CMBEBWHT,,,,422,,
05/15/1788,CMBEBWHT,,,,436,,
11/11/1788,CMBEBWHT,,,,596,,
02/02/1789,CMBEBWHT,,,,540,,
05/15/1789,CMBEBWHT,,,,642,,
11/11/1789,CMBEBWHT,,,,560,,
02/02/1790,CMBEBWHT,,,,444,,
05/15/1790,CMBEBWHT,,,,448,,
11/11/1790,CMBEBWHT,,,,430,,
02/02/1791,CMBEBWHT,,,,386,,
05/15/1791,CMBEBWHT,,,,466,,
11/11/1791,CMBEBWHT,,,,429,,
02/02/1792,CMBEBWHT,,,,429,,
05/15/1792,CMBEBWHT,,,,428,,
11/11/1792,CMBEBWHT,,,,422,,
02/02/1793,CMBEBWHT,,,,439,,
05/15/1793,CMBEBWHT,,,,599,,
11/11/1793,CMBEBWHT,,,,602,,
02/02/1794,CMBEBWHT,,,,608,,
05/15/1794,CMBEBWHT,,,,584,,
11/11/1794,CMBEBWHT,,,,602,,
02/02/1795,CMBEBWHT,,,,608,,
05/15/1795,CMBEBWHT,,,,584,,
11/11/1795,CMBEBWHT,,,,1128,,
05/15/1796,CMBEBWHT,,,,912,,
11/11/1796,CMBEBWHT,,,,558,,
02/02/1797,CMBEBWHT,,,,482,,
05/15/1797,CMBEBWHT,,,,502,,
11/11/1797,CMBEBWHT,,,,516,,
02/02/1798,CMBEBWHT,,,,434,,
05/15/1798,CMBEBWHT,,,,476,,
11/11/1798,CMBEBWHT,,,,443,,
02/02/1799,CMBEBWHT,,,,488,,
05/15/1799,CMBEBWHT,,,,566,,
05/15/1800,CMBEBWHT,,,,580,,
11/11/1800,CMBEBWHT,,,,626,,
02/02/1801,CMBEBWHT,,,,616,,
05/15/1801,CMBEBWHT,,,,636,,
